국적별,2017년09월,2017년10월,2017년11월,2017년12월,2018년01월,2018년02월,2018년03월,2018년04월,2018년05월,2018년06월,2018년07월,2018년08월,2018년09월,2018년10월,2018년11월,2018년12월,2019년01월,2019년02월,2019년03월,2019년04월,2019년05월,2019년06월,2019년07월,2019년08월,2019년09월,2019년10월,2019년11월,2019년12월,2020년01월,2020년02월,2020년03월,2020년04월,2020년05월,2020년06월,2020년07월,2020년08월,2020년09월,2020년10월,2020년11월,2020년12월,2021년01월,2021년02월,2021년03월,2021년04월,2021년05월,2021년06월,2021년07월,2021년08월,2021년09월,2021년10월,2021년11월,2021년12월,2022년01월,2022년02월,2022년03월,2022년04월,2022년05월,2022년06월,2022년07월,2022년08월,2022년09월,2022년10월,2022년11월,2022년12월,2023년01월,2023년02월,2023년03월,계
아시아주,"841,547","906,097","870,943","926,157","759,265","829,148","1,110,694","1,049,030","977,320","1,025,081","992,606","1,142,577","1,027,937","1,227,093","1,112,960","1,110,023","901,838","1,017,208","1,275,790","1,316,534","1,205,936","1,197,130","1,171,203","1,303,227","1,168,865","1,340,928","1,204,970","1,234,224","1,064,009","537,600","50,321","16,982","13,148","16,690","35,995","39,246","39,189","34,984","33,950","35,923","31,329","36,489","45,861","40,822","39,701","40,557","40,992","48,395","45,837","42,839","46,225","50,822","42,967","55,736","56,000","56,662","78,097","110,141","135,377","171,567","183,027","292,665","297,761","379,613","300,353","349,269","575,973","35,759,445"
일  본,"219,968","179,661","213,460","193,705","167,083","168,241","294,476","213,853","227,230","235,293","230,512","315,025","247,847","290,468","299,978","258,521","206,526","213,200","375,119","290,092","286,273","282,476","274,830","329,652","251,119","248,541","258,522","255,356","203,969","211,199","8,347",360,413,498,755,"1,275",794,927,"1,254",951,"1,299","1,719",949,872,"1,403",875,881,"2,258","1,142","1,237","1,623","1,007","1,162","2,934","1,397","2,231","3,701","5,855","11,789","26,482","27,560","67,159","62,422","84,175","66,900","94,393","192,318","8,123,512"
중  국,"318,682","345,384","299,247","332,474","305,127","345,341","403,413","366,604","370,222","379,891","410,337","478,140","434,595","475,307","404,256","416,279","392,814","453,379","487,623","493,250","500,413","475,007","519,132","578,112","541,350","567,695","505,369","508,877","481,681","104,086","16,595","3,935","5,124","5,051","9,738","16,275","15,307","11,477","9,174","7,987","7,346","11,982","18,980","16,830","14,221","12,942","13,469","17,103","19,144","14,035","12,472","11,691","9,489","16,752","14,726","10,230","11,253","12,741","17,907","30,248","29,531","22,940","24,174","27,367","24,946","45,884","73,390","13,336,543"
대  만,"74,379","81,625","76,534","75,738","75,820","88,076","94,084","105,177","88,304","102,863","97,696","100,517","87,351","99,972","88,165","87,308","87,954","94,559","98,510","113,072","101,779","118,437","113,587","109,273","102,758","127,944","102,241","90,379","110,354","53,042",585,155,189,240,305,655,329,299,299,264,253,444,326,278,349,275,304,601,294,341,375,290,309,857,410,505,786,"1,008","1,756","4,401","4,555","11,358","17,914","29,066","49,477","47,970","63,504","3,088,824"
필리핀,"33,772","43,589","37,101","37,019","30,454","27,013","41,177","49,053","42,722","37,554","29,237","30,459","33,427","52,016","44,406","42,650","30,473","29,294","38,701","66,525","50,569","40,748","29,074","41,817","36,252","55,394","41,739","43,281","30,702","20,332","4,539","1,130","1,539","2,982","10,166","7,362","8,485","9,041","9,700","9,718","8,087","8,006","9,268","8,398","8,948","9,572","10,247","10,951","9,745","10,683","11,187","11,141","9,363","9,038","11,397","12,138","14,119","15,139","18,146","17,304","18,191","26,966","23,963","24,081","15,759","14,368","24,735","1,602,152"
홍  콩,"45,023","54,962","53,286","58,761","34,671","50,590","62,340","66,533","57,320","66,136","58,373","63,397","49,649","61,473","53,790","59,546","35,896","51,312","46,068","76,104","57,026","61,728","59,036","65,958","45,911","65,544","58,600","71,751","66,962","20,966",262,35,24,62,78,167,115,59,89,59,61,129,89,38,95,79,94,197,127,117,119,113,76,272,150,140,307,662,"1,237","2,043","3,225","11,216","14,721","27,146","26,777","16,237","27,155","1,812,284"
태  국,"30,651","50,079","50,860","60,147","44,941","43,428","55,735","64,720","51,866","41,020","33,440","28,516","34,298","59,941","46,981","54,026","41,334","39,220","53,100","69,726","52,660","37,684","37,278","32,830","36,052","65,878","49,998","55,850","38,466","31,777","2,371",299,195,313,609,781,523,460,391,383,628,405,474,505,628,928,705,600,845,897,900,804,"1,108","1,492","1,452","3,664","8,772","16,822","16,808","11,056","13,315","34,428","29,316","41,026","25,823","28,142","43,084","1,683,454"
말레이시아,"20,769","32,356","33,043","45,333","22,113","22,529","37,845","41,735","25,422","27,627","15,694","19,218","28,613","40,758","45,710","55,665","22,065","27,484","40,789","43,726","31,217","25,538","16,831","20,520","28,020","45,354","49,282","57,764","27,549","18,541",890,152,90,121,136,276,186,180,168,261,237,394,333,252,253,323,352,566,348,396,583,451,557,987,624,"1,280","2,432","3,415","3,799","4,826","6,354","12,349","13,113","20,713","11,058","16,486","23,569","1,097,620"
싱가포르,"15,078","19,054","21,866","36,144","9,664","9,093","22,182","21,130","19,768","23,117","11,521","11,843","15,346","21,787","25,981","40,465","9,855","9,792","22,105","23,307","20,114","24,743","10,992","13,008","17,745","24,719","27,546","42,216","10,738","5,909",219,48,49,50,44,124,97,134,216,381,86,92,83,101,77,95,137,205,198,361,"2,414","3,676","1,345","1,489","2,450","3,805","6,776","10,462","7,832","7,567","14,862","24,761","33,212","50,711","13,316","12,173","34,337","820,813"
인도네시아,"16,637","19,981","19,073","22,012","17,034","14,739","20,202","27,913","19,057","22,833","18,061","15,796","18,236","24,931","24,176","26,089","18,842","18,115","25,626","31,427","18,936","27,880","18,260","18,210","19,309","28,494","23,760","29,716","19,443","15,800","3,760","1,864","1,752","2,085","4,089","2,830","3,396","3,230","3,723","4,790","3,193","3,543","3,593","3,680","4,089","4,529","4,511","4,175","3,029","3,226","3,929","5,066","4,550","4,425","4,234","4,331","5,643","8,265","8,998","10,035","9,344","14,750","14,299","17,876","12,838","14,156","18,520","870,934"
인  도,"9,771","10,023","8,826","7,524","7,421","7,093","9,363","10,641","11,625","10,346","9,929","10,610","11,393","12,683","10,247","8,440","8,671","8,309","10,646","12,933","13,858","13,249","10,432","17,001","12,716","13,160","12,184","10,208","9,249","5,839","1,587",210,415,"1,799","3,694","2,060","2,408","2,348","1,938","2,283","2,725","2,320","2,970","2,357","1,942","2,072","2,697","3,125","2,734","3,192","2,745","2,459","2,871","3,249","3,303","3,114","4,250","5,160","6,656","7,159","7,227","7,968","8,253","5,619","4,481","4,664","8,427","446,871"
베트남,"28,800","38,472","28,695","24,009","16,285","24,508","37,656","50,727","33,676","48,295","46,310","37,085","37,481","55,380","40,571","29,844","20,183","42,181","46,991","63,169","44,416","58,339","52,521","43,583","43,617","64,820","43,190","30,721","30,232","30,313","4,048","6,597","1,381","1,032","1,060","1,938","1,447",853,"1,269","1,769","1,012","1,702","2,144","1,349","1,726","2,133","1,704","1,994","1,788","1,511","2,132","3,751","2,318","5,002","5,096","4,041","6,429","12,884","18,867","24,670","22,784","32,010","27,313","23,647","21,621","28,828","34,929","1,506,849"
미얀마,"6,014","5,590","5,191","6,379","5,988","5,305","6,092","7,360","6,483","5,915","6,309","5,252","5,509","6,083","5,306","5,492","5,289","5,367","7,021","7,272","6,556","6,303","5,421","5,523","6,534","5,876","5,660","6,900","5,654","4,319","2,519",763,701,980,"3,803","4,141","4,899","4,935","4,765","5,927","5,249","4,268","4,772","4,334","4,299","4,985","4,521","4,116","4,065","5,062","5,388","5,669","5,215","4,291","4,781","4,728","5,613","5,275","6,654","6,619","5,959","7,206","5,472","4,144","3,209","3,271","5,248","345,809"
몽  골,"9,354","10,294","11,452","9,758","10,793","8,901","10,664","7,607","7,793","9,123","9,070","10,418","11,100","10,729","9,464","8,202","9,785","9,176","8,724","7,582","8,014","9,244","8,766","9,626","10,900","11,221","10,519","10,042","12,323","6,399",674,616,78,124,81,561,239,75,171,135,119,327,178,157,276,288,323,992,"1,033",424,384,"1,268",628,"1,174","1,304","1,018","1,161","3,864","5,892","8,749","8,915","8,002","9,986","11,977","12,585","10,000","12,412","393,233"
스리랑카,"1,909","1,585","1,021","1,134","1,500","1,153","1,491","1,400","1,692","1,930","1,525","1,623","1,720","1,742","1,045","1,080","1,287","1,516","1,494","1,478","1,538","1,819","1,355","1,916","2,103","1,449","1,070","1,313","1,377","1,088",441,183,442,223,326,166,235,243,138,208,224,161,385,306,288,298,333,342,380,339,401,600,751,475,817,611,757,"1,438","1,420","1,293","1,837","1,910","2,357","1,771","1,516","1,632","1,996","71,596"
파키스탄,"1,178","1,317",917,921,"1,156","1,301","1,453","1,132","1,143","1,111","1,205","1,170","1,329","1,220","1,015",953,"1,032","1,439","1,282","1,218",854,979,"1,087","1,191","1,459","1,010","1,011","1,159","1,014","1,037",474,67,215,249,125,94,72,54,67,135,176,325,270,417,131,203,121,163,193,118,164,283,363,538,490,637,609,725,800,"1,034",966,"1,589",935,825,779,"1,005","1,110","50,814"
방글라데시,"1,459","1,615","1,026","1,271","1,231","1,242","1,492","1,223","1,168","1,255","1,363","1,550","1,584","1,557","1,270","1,216","1,247","1,656","1,704","1,318","1,225","1,260","1,196","1,868","1,880","1,715","1,286","1,597","1,299",996,566,11,172,169,245,278,213,217,212,152,164,109,428,199,238,154,173,145,149,247,344,596,720,689,898,"1,117","1,095","1,213","1,314","1,959","1,395","1,228","1,862","1,784","1,302","1,442","1,762","66,730"
아시아주 기타,"8,103","10,510","9,345","13,828","7,984","10,595","11,029","12,222","11,829","10,772","12,024","11,958","8,459","11,046","10,599","14,247","8,585","11,209","10,287","14,335","10,488","11,696","11,405","13,139","11,140","12,114","12,993","17,094","12,997","5,957","2,444",557,369,712,741,263,444,452,376,520,470,563,619,749,738,806,420,862,623,653,"1,065","1,957","2,142","2,072","2,471","3,072","4,394","5,213","5,502","6,122","7,007","6,825","8,449","7,685","7,966","8,618","9,477","441,407"
중 동,"20,049","20,917","17,997","15,595","15,758","16,080","22,644","22,183","19,348","19,469","21,810","23,229","21,159","22,634","18,081","15,320","15,112","16,878","22,850","22,668","17,969","23,074","23,880","25,117","24,078","24,364","20,192","16,443","17,220","14,849","2,086",134,151,892,"1,740","1,229","1,473","1,214","1,168","1,167","1,510","2,220","2,634","3,052","2,813","3,269","3,671","4,407","3,958","3,930","2,936","2,569","2,757","3,856","3,820","5,192","9,533","12,505","13,804","16,147","15,371","14,785","15,369","11,355","10,995","12,511","16,110","809,300"
우즈베키스탄,"7,353","7,102","6,598","5,306","5,431","5,585","7,514","7,143","6,891","6,750","6,997","7,596","7,959","8,463","7,142","5,513","5,754","7,149","8,405","7,378","6,839","7,295","7,405","7,983","9,056","8,375","7,176","5,461","6,135","6,888",782,7,10,233,769,64,414,202,95,174,395,615,930,"1,444","1,140","1,534","1,539","1,488","1,616","1,194",856,923,"1,003","1,575","1,510","1,454","2,275","3,152","3,997","5,781","5,377","3,761","3,541","2,769","3,819","4,644","4,289","276,013"
터  키,"2,636","2,484","2,391","2,224","1,934","1,896","2,464","3,329","2,551","2,499","2,683","3,197","2,346","2,593","2,158","1,908","1,785","1,765","2,532","2,826","2,492","2,835","2,962","3,015","2,802","2,893","2,881","2,505","2,208","1,784",242,26,26,134,271,439,381,308,356,385,323,376,477,363,396,415,481,678,397,589,413,415,498,540,574,"1,392","2,020","1,594","1,582","1,938","1,737","2,151","2,138","1,887","1,685","1,607","2,177","105,989"
이스라엘,"1,289","1,777",950,737,809,713,"1,513","1,883","1,284",896,"1,186","1,205","1,955","1,774","1,229",881,805,761,"1,613","2,221","1,409",940,"1,320","1,110","1,837","2,820","1,427",839,803,352,68,21,4,13,5,36,13,36,59,35,19,18,37,93,89,104,108,119,45,183,134,90,110,93,107,241,445,444,475,481,"1,174","1,409",851,436,394,397,"1,546","48,270"
이  란,983,903,755,626,554,547,766,655,721,584,704,604,568,481,229,214,184,329,382,298,271,384,318,526,446,501,402,253,176,160,34,13,8,6,12,55,43,20,25,13,23,47,41,15,24,16,22,96,43,31,58,43,61,112,144,67,138,190,183,300,287,422,320,185,124,139,245,"18,129"
카자흐스탄,"3,674","4,376","3,976","3,544","3,942","4,687","5,475","4,797","4,638","4,551","4,444","4,585","4,327","4,768","3,538","3,107","3,574","3,774","4,915","4,618","4,585","4,829","4,953","4,948","4,909","4,776","3,697","3,388","4,325","3,204",567,15,26,331,401,329,258,233,299,252,452,737,643,627,571,518,711,868,904,564,352,265,245,450,418,829,"2,967","4,732","4,319","3,658","3,055","2,925","3,542","3,133","2,644","2,781","3,783","178,328"
요르단,271,404,245,152,174,180,229,261,214,166,256,203,252,310,281,167,183,205,244,293,154,324,255,242,274,340,277,193,180,168,45,7,15,13,42,67,47,54,35,44,35,50,55,37,46,45,75,98,93,88,65,46,71,96,91,33,78,166,123,163,215,220,164,97,92,163,131,"10,102"
사우디아라비아,"1,125",990,587,445,732,558,643,863,576,"1,386","1,828","1,957",819,873,632,686,518,542,693,"1,010",342,"2,933","2,140","2,603","1,009",830,879,659,"1,057",318,29,16,6,52,27,10,36,105,50,10,32,89,55,18,56,40,70,134,58,202,168,176,127,157,135,68,414,552,844,"1,185",940,"1,167","2,242",660,505,639,"1,382","42,689"
이라크,195,283,213,251,228,208,270,241,241,215,241,227,268,291,224,157,126,194,286,270,127,274,299,201,342,304,212,188,156,142,26,0,0,2,20,36,48,49,46,48,50,53,44,39,48,48,55,133,75,49,58,61,39,77,92,124,91,104,136,158,126,200,157,124,112,88,152,"9,642"
중 동 기타,"2,523","2,598","2,282","2,310","1,954","1,706","3,770","3,011","2,232","2,422","3,471","3,655","2,665","3,081","2,648","2,687","2,183","2,159","3,780","3,754","1,750","3,260","4,228","4,489","3,403","3,525","3,241","2,957","2,180","1,833",293,29,56,108,193,193,233,207,203,206,181,235,352,416,443,549,610,793,727,"1,030",832,550,603,756,749,984,"1,105","1,571","2,145","2,483","2,460","2,530","2,414","2,064","1,620","2,053","2,405","120,138"
미 주,"91,382","104,588","88,227","84,686","77,166","87,798","105,628","115,465","110,254","115,716","112,761","98,954","101,795","127,001","99,759","90,495","80,921","76,380","110,027","133,817","123,519","129,186","122,257","112,483","119,156","131,722","106,706","99,484","87,492","56,817","14,110","7,029","9,622","10,901","13,113","15,061","14,146","14,148","14,966","14,082","14,091","13,233","14,191","14,852","19,617","20,408","24,555","23,997","23,575","26,776","25,151","21,379","19,748","19,869","20,390","37,993","51,659","64,865","65,303","61,643","75,336","92,022","80,119","78,825","62,345","58,796","109,322","4,368,880"
미  국,"70,933","80,000","69,009","66,763","59,895","66,049","80,079","89,209","84,601","94,742","90,270","77,319","78,826","98,103","77,876","71,023","62,737","57,732","84,275","102,524","95,815","105,398","97,428","86,586","90,819","101,099","82,238","77,387","67,255","42,439","10,570","6,417","8,735","9,717","11,922","13,368","12,426","12,366","13,100","12,102","12,013","11,212","12,321","12,944","17,278","18,159","21,775","20,561","19,227","21,607","20,123","16,805","15,570","15,845","16,968","30,882","42,490","55,444","53,942","50,299","60,435","73,560","64,861","63,352","49,120","46,204","86,430","3,448,579"
캐나다,"13,851","17,397","13,179","13,080","12,417","16,438","18,833","18,569","18,651","14,521","15,002","14,686","15,667","20,187","15,205","14,083","12,460","13,551","18,670","21,361","19,439","16,133","16,103","16,700","18,213","20,624","16,862","15,292","13,809","9,046","2,405",422,695,927,848,"1,164","1,326","1,354","1,294","1,444","1,488","1,300","1,332","1,402","1,707","1,732","2,167","2,274","3,722","4,447","4,239","3,985","3,453","2,920","2,681","5,559","7,053","7,231","8,871","8,077","11,117","13,205","11,159","11,738","9,869","9,040","16,866","650,542"
브라질,"1,560","1,691","1,775","1,349","1,407","1,552","1,598","1,803","1,699","1,615","1,611","1,771","1,708","1,973","1,594","1,414","1,605","1,354","1,673","2,212","2,054","1,924","1,979","2,188","2,498","2,452","1,916","1,933","1,801","1,188",291,52,53,47,62,101,100,81,74,104,144,152,117,91,105,108,149,220,109,179,155,154,196,257,192,398,575,716,739,883,915,"1,426","1,138","1,174","1,109","1,027","1,599","67,889"
멕시코,"2,062","2,101","1,871","1,641","1,403","1,401","2,284","2,356","2,065","2,033","2,915","2,064","1,987","2,679","2,146","1,859","1,853","1,435","2,201","3,298","2,565","2,361","3,253","2,809","3,038","2,878","2,408","2,382","2,113","1,543",388,55,69,96,151,236,186,223,348,318,283,328,270,289,366,226,244,421,282,254,279,230,255,445,298,512,586,549,645,911,"1,078","1,298","1,105",994,800,850,"1,434","84,306"
칠  레,362,416,288,250,333,408,457,460,494,379,367,412,589,554,371,325,407,415,452,697,603,380,390,398,647,863,402,290,383,495,49,12,1,4,21,18,11,18,11,12,18,33,15,12,12,16,15,34,18,27,33,21,35,71,24,84,97,161,168,192,247,341,292,232,232,289,454,"16,617"
아르헨티나,366,488,331,341,426,322,399,587,451,341,437,337,437,544,313,238,354,252,401,614,452,354,360,400,645,612,374,335,422,357,71,11,13,10,7,15,13,18,19,13,20,25,26,16,22,25,59,27,26,38,45,25,22,26,28,84,112,119,151,167,216,349,187,230,253,209,471,"15,458"
콜롬비아,461,483,541,294,270,289,406,491,514,600,578,471,618,700,576,363,329,335,582,699,656,673,670,707,838,764,622,509,376,305,73,12,9,49,20,47,8,23,37,16,23,45,20,17,24,37,35,174,35,51,72,37,48,78,34,128,192,202,194,298,361,481,304,334,250,269,518,"20,275"
페  루,367,396,223,217,216,315,343,386,370,318,324,396,393,459,377,243,251,264,335,451,407,337,455,573,477,532,366,297,327,310,53,1,5,3,12,17,9,4,13,6,8,21,16,5,10,14,15,52,33,38,30,16,32,32,35,40,93,71,101,169,148,239,262,164,188,201,309,"13,190"
베네수엘라,154,184,138,123,170,151,165,185,168,136,173,158,188,157,156,154,150,138,173,181,164,178,172,180,163,192,164,127,158,186,35,17,9,9,17,13,10,9,17,20,24,33,16,16,16,27,26,35,22,23,33,30,24,34,30,45,37,39,55,66,71,105,67,88,75,79,94,"6,252"
에콰도르,167,178,133,92,85,145,147,204,174,137,162,295,240,273,241,126,122,174,265,190,196,162,255,288,393,224,182,177,117,167,39,2,7,5,6,20,18,1,11,7,15,19,7,1,9,9,11,40,10,16,45,13,15,35,9,31,77,46,54,99,123,157,121,68,72,107,152,"7,188"
쿠  바,21,24,7,6,7,7,21,20,20,8,12,29,28,15,4,16,6,9,12,32,24,35,64,18,34,14,57,10,10,14,5,0,0,0,0,1,0,1,1,0,1,2,3,3,2,1,5,4,2,0,4,3,2,3,1,0,4,6,21,8,9,14,10,8,3,3,8,722
미 주 기타,"1,078","1,230",732,530,537,721,896,"1,195","1,047",886,910,"1,016","1,114","1,357",900,651,647,721,988,"1,558","1,144","1,251","1,128","1,636","1,391","1,468","1,115",745,721,767,131,28,26,34,47,61,39,50,41,40,54,63,48,56,66,54,54,155,89,96,93,60,96,123,90,230,343,281,362,474,616,847,613,443,374,518,987,"37,862"
구 주,"80,485","88,730","75,920","63,049","66,538","80,204","85,892","97,322","86,474","81,207","88,304","86,208","84,212","102,375","80,055","64,829","70,038","61,549","87,805","112,581","97,754","87,723","94,521","104,736","102,751","114,725","87,560","73,513","73,181","55,245","13,086","4,135","6,749","7,120","8,339","11,147","8,279","9,158","9,418","9,054","9,298","11,336","9,987","9,356","10,297","10,637","11,199","16,873","13,607","15,553","16,630","12,557","13,654","17,012","13,140","21,662","27,884","30,561","38,782","49,373","47,106","56,930","47,821","42,162","39,937","43,348","74,781","3,333,454"
러시아(연방),"23,056","25,404","23,073","21,606","21,934","20,889","25,733","31,313","26,687","26,796","28,260","23,001","23,388","28,153","23,380","23,008","25,194","20,001","27,992","34,205","32,955","28,666","28,421","28,700","30,266","33,379","26,708","26,570","28,891","22,157","5,300","1,223","1,641","2,076","2,004","2,086","1,700","2,240","1,806","1,962","1,911","2,432","2,417","2,311","2,785","2,899","2,575","2,750","3,077","3,078","3,622","3,040","3,038","3,283","2,347","2,727","3,515","4,400","5,641","6,108","6,391","6,553","7,547","8,469","9,151","9,080","13,138","936,109"
독  일,"10,426","11,208","9,116","6,729","7,328","9,577","11,239","10,924","9,699","8,424","9,101","10,010","10,760","12,635","9,458","6,634","6,850","6,866","11,142","12,873","10,103","8,947","9,675","11,159","12,670","13,322","9,819","7,304","6,617","5,599","1,195","1,033","1,754",798,"1,082","1,580","1,084","1,143","1,132","1,111","1,129","1,476","1,069","1,171","1,297","1,246","1,479","2,797","1,810","2,360","2,382","1,822","1,718","2,384","1,802","3,483","4,712","5,000","6,093","8,706","9,006","9,208","7,173","5,822","5,320","6,197","12,087","406,875"
영  국,"10,171","11,622","8,850","7,843","9,399","10,334","12,257","13,363","10,803","10,586","10,683","11,132","10,753","13,813","10,067","7,787","10,148","7,876","12,813","16,707","11,522","11,155","10,826","13,116","13,325","15,911","11,542","8,735","9,117","5,566","1,173",298,374,433,632,619,470,522,661,554,407,485,344,283,345,628,937,"1,447",841,"1,109","1,259",889,"1,018","1,064",995,"2,145","3,103","3,495","4,442","5,675","5,220","6,615","5,451","5,583","5,798","5,105","10,796","409,037"
프랑스,"7,642","9,038","7,157","5,619","5,891","7,277","7,102","10,174","9,390","7,716","9,585","10,722","7,944","10,813","7,668","5,814","5,574","5,830","7,469","11,616","10,395","8,559","10,716","12,984","10,242","12,546","8,111","6,752","5,982","5,120","1,217",280,157,332,671,"1,799",949,"1,008",958,898,"1,109","1,811","1,013",795,"1,033",808,"1,037","1,884","1,638","1,600","1,736","1,236","1,585","2,832","1,692","3,307","4,199","4,191","5,947","8,885","7,218","9,539","7,136","6,088","4,865","6,623","9,474","358,998"
네덜란드,"2,900","3,038","2,824","2,189","2,329","3,914","2,664","3,302","3,084","2,594","3,569","3,388","3,156","3,717","3,107","2,310","2,269","2,357","2,898","4,089","3,348","2,900","4,141","3,961","3,485","4,043","3,188","2,459","2,556","2,067",597,385,693,686,745,772,875,"1,044",986,"1,115","1,156",853,"1,161","1,237","1,243","1,148","1,043","1,275","1,075","1,167","1,140",936,926,"1,162",979,"1,711","1,986","2,011","2,854","2,895","2,761","3,243","2,722","2,401","2,140","2,877","3,934","147,780"
우크라이나,"2,006","2,283","1,983","2,192","1,629","1,984","2,261","2,261","2,252","1,928","2,115","2,189","2,123","2,645","2,374","1,847","2,262","2,080","2,368","2,574","2,397","1,941","2,230","2,904","2,214","2,371","2,146","2,180","1,955","1,618",630,116,431,862,"1,160","1,000",879,812,"1,103","1,002",993,"1,207","1,329","1,206","1,136","1,137","1,107","1,259","1,167","1,261","1,308","1,096","1,032","1,096","1,013","1,000","1,046","1,096","1,226","1,189","1,072","1,331","1,143","1,061",886,744,"1,174","103,622"
이탈리아,"3,307","3,706","3,944","2,288","2,761","3,200","3,545","4,147","4,479","3,959","3,819","4,277","4,482","4,934","4,340","2,603","2,731","2,384","3,583","4,381","4,856","4,136","4,388","5,915","4,513","4,951","4,422","3,084","2,880","1,718",248,55,179,225,136,229,146,231,247,161,186,303,182,218,238,243,246,522,394,572,701,286,409,571,484,840,"1,312","1,339","1,581","2,318","2,043","2,875","2,648","1,718","1,815","1,880","3,837","145,351"
불가리아,630,613,485,410,366,374,494,587,633,520,512,600,585,584,466,358,431,326,455,742,639,448,543,751,633,655,471,442,351,218,80,43,44,49,107,149,112,99,210,189,138,151,222,120,94,138,146,176,171,147,174,156,217,159,234,202,251,285,402,345,304,329,218,230,162,149,358,"22,082"
스웨덴,"1,589","1,844","1,485","1,046",942,"1,901","1,696","1,860","1,578","2,030","1,573","1,361","1,523","2,287","1,546","1,206",982,927,"1,458","2,188","1,655","2,079","1,727","1,490","2,010","2,303","1,600","1,290",847,650,188,35,27,39,33,123,66,65,76,39,76,118,56,59,67,91,87,279,158,196,207,131,185,215,138,364,526,785,585,843,783,"1,242","1,006",783,693,686,"1,362","59,085"
폴란드,"1,917","1,837","1,820","1,417","1,504","1,683","1,749","2,102","1,870","1,699","1,894","1,958","2,168","2,139","1,913","1,292","1,324","1,266","1,960","2,301","2,259","2,201","1,954","2,326","2,570","2,326","2,019","1,407","1,558","1,206",322,83,140,212,319,394,365,306,351,307,336,269,316,272,298,299,327,432,357,428,487,293,382,510,390,622,853,"1,001",946,"1,174","1,504","1,705","1,490","1,155","1,052","1,185","2,084","78,605"
덴마크,"1,090","1,329",979,599,699,802,"1,161","1,169","1,017",876,"1,209","1,002","1,045","1,483",909,672,751,694,"1,001","1,387","1,181",939,"1,507","1,045","1,244","1,802","1,120",782,665,640,114,27,39,57,95,141,60,62,80,79,107,83,56,68,54,98,105,256,103,180,179,107,143,188,107,399,461,453,613,758,704,"1,044",770,498,506,480,"1,312","41,385"
그리스,825,892,701,807,712,752,899,857,770,790,702,686,793,902,774,653,775,607,803,798,749,765,799,778,"1,023","1,014",891,754,623,663,199,76,165,207,151,264,188,197,136,169,206,190,301,235,244,234,233,274,293,400,277,430,386,303,417,289,420,405,599,589,450,584,562,582,485,445,670,"35,812"
스위스,"1,393","1,728","1,257",900,"1,057","2,399","1,499","1,750","1,452","1,213","1,655","1,407","1,667","1,981","1,192",831,747,877,"1,224","2,236","1,585","1,239","2,029","1,664","1,923","2,137","1,172","1,014",762,566,105,33,28,27,41,122,55,46,60,39,53,147,69,70,95,86,143,228,169,184,154,98,92,186,117,472,476,552,990,"1,002","1,170","1,458",845,709,544,705,"1,598","55,524"
노르웨이,"1,092","1,351","1,049",757,993,"1,764","1,408","1,006",863,"1,099","1,293",983,"1,053","1,317","1,091",745,801,577,858,"1,489",820,"1,156","1,494",803,"1,054","1,218",837,663,543,441,97,35,55,44,32,64,55,53,68,20,59,62,36,26,34,63,66,142,75,179,120,59,121,115,60,262,382,472,406,529,517,693,540,477,530,500,998,"38,664"
스페인,"2,155","2,337","2,272","1,449","1,632","1,512","2,268","2,022","2,257","2,134","2,659","3,385","2,551","2,938","2,480","1,476","1,368","1,373","2,007","2,678","2,403","2,590","3,066","4,554","3,134","3,140","2,610","1,733","1,560","1,068",255,31,67,51,76,189,68,107,109,68,106,208,165,84,121,120,129,511,313,310,449,203,229,336,396,821,814,901,"1,325","2,123","1,752","2,268","1,950","1,452","1,230","1,315","2,521","91,984"
루마니아,"1,163","1,133",877,708,732,641,970,"1,145","1,089",983,905,926,"1,047","1,301",921,712,872,771,"1,044","1,323","1,122",984,945,"1,432","1,179","1,295","1,040",774,856,471,173,82,93,162,228,251,224,212,262,186,256,223,254,261,214,186,245,265,331,376,324,360,359,370,417,372,413,425,505,531,589,885,549,457,409,485,995,"42,290"
벨기에,"1,130","1,120",972,620,755,814,"1,065","1,308","1,017",914,"1,281","1,027","1,146","1,399","1,007",766,709,654,"1,400","1,490","1,245","1,181","1,549","1,305","1,542","1,505","1,205",754,722,547,164,57,179,92,90,166,94,129,139,118,130,175,115,101,125,154,167,334,204,248,235,160,205,274,187,396,527,563,842,927,"1,022","1,134",974,677,614,717,"1,184","45,768"
구 주 기타,"7,993","8,247","7,076","5,870","5,875","10,387","7,882","8,032","7,534","6,946","7,489","8,154","8,028","9,334","7,362","6,115","6,250","6,083","7,330","9,504","8,520","7,837","8,511","9,849","9,724","10,807","8,659","6,816","6,696","4,930","1,029",243,683,768,737,"1,199",889,882,"1,034","1,037",940,"1,143",882,839,874,"1,059","1,127","2,042","1,431","1,758","1,876","1,255","1,609","1,964","1,365","2,250","2,888","3,187","3,785","4,776","4,600","6,224","5,097","4,000","3,737","4,175","7,259","314,483"
대양주,"16,413","15,442","13,147","18,799","14,899","11,167","13,431","19,066","16,040","15,226","14,735","14,920","19,151","18,648","15,170","20,978","17,624","10,622","15,144","24,211","17,368","17,352","15,205","17,368","21,830","20,375","16,996","23,896","17,755","8,892","1,085",235,182,208,439,316,276,301,378,387,348,363,310,377,294,305,433,496,392,498,835,923,827,865,"1,012","3,027","4,457","5,160","5,666","6,071","10,240","11,738","12,019","21,001","15,247","9,618","16,948","635,147"
오스트레일리아,"12,979","12,299","10,190","14,996","11,688","8,769","10,693","15,500","12,472","11,841","11,491","11,577","15,310","14,907","11,711","17,174","14,285","8,331","12,263","19,938","13,558","13,201","11,840","13,647","17,269","16,251","13,346","19,289","14,039","6,857",760,124,137,111,205,156,145,170,238,230,205,187,172,169,175,192,256,281,259,315,609,683,611,634,754,"2,476","3,613","4,147","4,418","4,835","8,180","9,086","9,769","16,979","12,617","7,899","14,179","503,687"
뉴질랜드,"2,875","2,663","2,470","3,242","2,659","2,013","2,360","3,101","3,035","2,864","2,670","2,733","3,281","3,233","2,840","3,416","2,725","1,863","2,451","3,802","3,172","3,547","2,799","3,112","4,035","3,728","3,365","4,355","3,553","1,912",275,98,40,72,117,119,91,86,110,125,104,118,107,123,98,94,151,136,122,167,206,234,193,210,220,506,811,967,"1,153","1,156","1,959","2,517","2,111","3,919","2,584","1,665","2,646","115,284"
키리바시,90,54,65,134,89,77,54,59,61,52,75,80,49,98,98,79,59,77,82,99,81,89,75,54,45,72,37,82,37,38,33,11,2,9,31,23,13,31,21,20,13,46,19,71,0,4,14,12,1,5,4,0,4,10,23,13,4,6,21,5,8,15,4,0,2,5,8,"2,652"
피  지,284,265,259,288,393,210,199,209,188,282,250,309,321,214,327,214,472,237,194,214,336,300,250,321,273,83,81,71,49,30,3,0,2,1,17,9,4,5,5,1,10,7,6,6,8,4,0,9,5,3,7,2,10,7,2,7,17,33,15,41,35,50,41,48,27,15,40,"7,625"
대양주 기타,185,161,163,139,70,98,125,197,284,187,249,221,190,196,194,95,83,114,154,158,221,215,241,234,208,241,167,99,77,55,14,2,1,15,69,9,23,9,4,11,16,5,6,8,13,11,12,58,5,8,9,4,9,4,13,25,12,7,59,34,58,70,94,55,17,34,75,"5,899"
아프리카주,"5,243","4,646","3,698","3,312","3,148","4,098","4,060","4,713","5,333","4,031","5,055","5,637","4,748","5,500","3,837","3,559","3,690","4,667","4,743","5,017","4,278","4,598","5,356","6,751","6,316","6,102","4,741","4,000","4,198","4,160","1,183",199,160,242,443,759,661,755,798,816,"1,006","1,156",805,704,726,864,902,"1,712","1,097","1,086","1,177",852,"1,048","1,708","1,355","1,235","2,033","2,032","2,627","3,781","3,271","4,344","3,347","2,951","2,751","3,233","3,718","196,772"
남아프리카 공화국,981,"1,034",590,734,903,"1,095",794,985,"1,087",858,948,"1,479","1,047","1,046",700,853,"1,000","1,191",945,"1,159","1,064",973,933,"1,887","1,197","1,175",698,922,"1,272","1,004",237,22,29,61,67,95,86,78,94,98,79,70,60,31,61,109,123,223,115,94,127,103,104,435,206,280,361,307,486,856,519,748,472,742,795,931,778,"40,636"
나이지리아,512,217,213,227,139,211,212,207,320,179,210,241,238,263,176,159,174,287,228,164,192,207,217,307,588,250,218,197,158,253,83,4,3,8,18,65,14,20,30,19,34,83,53,13,21,21,16,94,63,64,34,26,25,72,66,43,174,84,89,189,244,342,108,123,117,119,157,"9,902"
이집트,726,863,859,668,643,740,806,847,732,635,773,542,466,585,474,387,390,437,513,489,322,482,555,462,553,654,537,439,362,315,103,45,34,30,136,109,83,97,90,103,80,93,84,108,122,176,132,231,205,224,233,219,193,177,222,178,242,335,313,388,405,524,433,363,299,376,406,"24,847"
아프리카주 기타,"3,024","2,532","2,036","1,683","1,463","2,052","2,248","2,674","3,194","2,359","3,124","3,375","2,997","3,606","2,487","2,160","2,126","2,752","3,057","3,205","2,700","2,936","3,651","4,095","3,978","4,023","3,288","2,442","2,406","2,588",760,128,94,143,222,490,478,560,584,596,813,910,608,552,522,558,631,"1,164",714,704,783,504,726,"1,024",861,734,"1,256","1,306","1,739","2,348","2,103","2,730","2,334","1,723","1,540","1,807","2,377","121,387"
기 타,"23,534","25,218","23,285","22,470","19,262","16,920","23,751","23,930","23,252","21,363","19,562","20,202","19,602","24,581","20,528","18,915","15,580","14,498","19,282","20,238","18,860","17,155","15,645","16,617","16,668","17,979","15,264","5,328","8,853","7,649","1,626",701,794,885,943,"1,039","1,016","1,025","1,086",915,815,785,816,949,"1,015",989,"1,253","1,207","1,334","1,734","1,404","1,048",850,953,"1,051","2,148","2,259","2,449","2,427","2,363","3,287","3,613","3,470","3,366","2,801","2,473","3,723","616,603"
교포,"23,472","25,175","23,233","22,416","19,196","16,867","23,696","23,865","23,181","21,287","19,502","20,127","19,540","24,518","20,456","18,838","15,526","14,459","19,225","20,174","18,788","17,111","15,587","16,560","16,619","17,939","15,233","5,281","8,792","7,609","1,615",698,790,882,933,"1,036","1,012","1,024","1,085",915,811,779,808,947,"1,011",986,"1,250","1,198","1,328","1,728","1,404","1,042",849,916,"1,043","2,139","2,244","2,445","2,384","2,319","3,269","3,595","3,456","3,334","2,789","2,455","3,710","614,501"
미상,62,43,52,54,66,53,55,65,71,76,60,75,62,63,72,77,54,39,57,64,72,44,58,57,49,40,31,47,61,40,11,3,4,3,10,3,4,1,1,0,4,6,8,2,4,3,3,9,6,6,0,6,1,37,8,9,15,4,43,44,18,18,14,32,12,18,13,"2,102"
전 체,"1,078,653","1,165,638","1,093,217","1,134,068","956,036","1,045,415","1,366,100","1,331,709","1,238,021","1,282,093","1,254,833","1,391,727","1,278,604","1,527,832","1,350,390","1,324,119","1,104,803","1,201,802","1,535,641","1,635,066","1,485,684","1,476,218","1,448,067","1,586,299","1,459,664","1,656,195","1,456,429","1,456,888","1,272,708","685,212","83,497","29,415","30,806","36,938","61,012","68,797","65,040","61,585","61,764","62,344","58,397","65,582","74,604","70,112","74,463","77,029","83,005","97,087","89,800","92,416","94,358","90,150","81,851","99,999","96,768","127,919","175,922","227,713","263,986","310,945","337,638","476,097","459,906","539,273","434,429","479,248","800,575","45,719,601"
,,,,,,,,,,,,,,,,,,,,,,,,,,,,,,,,,,,,,,,,,,,,,,,,,,,,,,,,,,,,,,,,,,,,
